"","ano_inter","mes_inter","mes_inter_int","month_inter","regiao","age_ajusted_hospitalizations","hospitalizations","age_ajusted_deaths","deaths","lethality","age_ajusted_lethality"
"1",2012,"April","2012-04","Apr","CO",27.6262793896409,23.1595927536655,2.51826704839051,1.94339191367715,0.0839130434782609,0.0911547665493743
"2",2012,"April","2012-04","Apr","N",35.0189229318627,27.2442653096091,2.8245269223919,1.95107354536347,0.0716141001855288,0.0806571614977326
"3",2012,"April","2012-04","Apr","NE",7.00844463224947,6.96730000787797,0.6430395614351,0.643510515030725,0.0923615337796713,0.0917521069476876
"4",2012,"April","2012-04","Apr","S",28.2790088935737,28.4097770118106,3.07209337000589,3.08148374995829,0.108465608465608,0.108635114532038
"5",2012,"April","2012-04","Apr","SE",16.1214658618432,16.2247098375235,2.9167652474861,2.96414600568338,0.182693313801402,0.180924319939764
"6",2012,"August","2012-08","Aug","CO",29.2476320777685,24.4081968847327,3.65474679525265,2.7992899067474,0.114686468646865,0.124958724369029
"7",2012,"August","2012-08","Aug","N",24.6003076377466,19.7525442878876,2.25430590937119,1.55081959285068,0.0785123966942149,0.0916373056210157
"8",2012,"August","2012-08","Aug","NE",7.45938704369392,7.39347995358201,0.659570680949796,0.65835260269206,0.0890450243762547,0.0884215656174309
"9",2012,"August","2012-08","Aug","S",38.5688086657404,38.736505481183,3.62605527687157,3.64767507312135,0.094166343293235,0.0940152263529078
"10",2012,"August","2012-08","Aug","SE",20.8652679189392,20.9968830459863,3.49528527759339,3.54644960244707,0.16890362225097,0.167516913330442
"11",2012,"December","2012-12","Dec","CO",23.3426369886457,19.0412129987746,2.95045082392058,2.26561233459771,0.118984664198837,0.126397494222942
"12",2012,"December","2012-12","Dec","N",21.44808077551,17.0339840618521,2.01983984251982,1.40517732023587,0.0824925816023739,0.0941734537304673
"13",2012,"December","2012-12","Dec","NE",5.55893988764271,5.51913631177917,0.647569567408982,0.647751111505392,0.117364579331541,0.116491557832547
"14",2012,"December","2012-12","Dec","S",24.7882498755928,24.8823549630778,3.19257401166387,3.20674731702976,0.128876359242851,0.128793844974403
"15",2012,"December","2012-12","Dec","SE",15.9130657855021,16.049848990682,3.40250800519702,3.46496105246265,0.215887455045483,0.213818509334445
"16",2012,"February","2012-02","Feb","CO",25.851744145283,21.6693233069079,2.82478528866236,2.15484906490627,0.0994423791821561,0.109268654091092
"17",2012,"February","2012-02","Feb","N",23.8534512030371,19.3186608559046,2.01780885954427,1.41528650959008,0.0732600732600733,0.0845919042225368
"18",2012,"February","2012-02","Feb","NE",5.77920955535124,5.73964732846186,0.566662400061484,0.565059480249385,0.0984484669375693,0.0980518866177443
"19",2012,"February","2012-02","Feb","S",24.239488506982,24.3462268960119,3.20613107585278,3.23180003044406,0.132743362831858,0.132268924524925
"20",2012,"February","2012-02","Feb","SE",14.9224965318284,15.029544437752,2.9101197165212,2.95735529318468,0.196769456681351,0.195015606826523
"21",2012,"January","2012-01","Jan","CO",25.9768932345582,21.8203641292144,2.93778355149514,2.27568172275148,0.104291647438856,0.11309218253963
"22",2012,"January","2012-01","Jan","N",25.7834628960672,20.5924187145357,1.88912778981917,1.28386704798529,0.062346588119784,0.0732689707908599
"23",2012,"January","2012-01","Jan","NE",6.63847959882825,6.6026087110566,0.622857996184711,0.623367681776057,0.0944123314065511,0.0938253988601021
"24",2012,"January","2012-01","Jan","S",26.9526015010547,27.1020253715844,3.17028979944863,3.19672623166404,0.11795156221113,0.117624630755015
"25",2012,"January","2012-01","Jan","SE",16.0551114604336,16.1347328969157,2.76218235670029,2.79947122758986,0.173505892255892,0.172043798232572
"26",2012,"July","2012-07","Jul","CO",34.1378734325385,28.5165072514699,3.57436528215915,2.70866541336349,0.0949858757062147,0.104703806147229
"27",2012,"July","2012-07","Jul","N",26.4080517237203,20.7339473654947,2.16510542450782,1.48605083506959,0.0716723549488055,0.0819865640661056
"28",2012,"July","2012-07","Jul","NE",7.7776049928574,7.7157652856567,0.728244394743767,0.729382593642733,0.0945314646881011,0.0936335022687002
"29",2012,"July","2012-07","Jul","S",53.401761703612,53.6879648468342,5.22643581427937,5.2560592743191,0.0979001399906673,0.097870101051851
"30",2012,"July","2012-07","Jul","SE",25.9459877232855,26.1204756262569,4.28933408798859,4.36982349291468,0.167294943455089,0.165317818451717
"31",2012,"June","2012-06","Jun","CO",32.7890427992382,27.4088745545554,3.42759896890524,2.58783275551828,0.0944158706833211,0.104534889593815
"32",2012,"June","2012-06","Jun","N",26.4081551611815,20.7642749335574,2.42633003519215,1.6983438115081,0.0817916260954236,0.0918780588944252
"33",2012,"June","2012-06","Jun","NE",7.03821483152823,6.9757812008273,0.687122821735238,0.689096927133396,0.0987841945288754,0.0976274294238957
"34",2012,"June","2012-06","Jun","S",45.5857081873445,45.8614971762085,4.60168150192789,4.62974143896172,0.100950508030154,0.100945706119476
"35",2012,"June","2012-06","Jun","SE",22.5670144062693,22.7268170550306,3.94531357760738,4.00652037423413,0.176290431015164,0.174826563522348
"36",2012,"March","2012-03","Mar","CO",27.5661357564565,23.0991764247429,3.17518492880151,2.4871388739806,0.10767218831735,0.11518425929749
"37",2012,"March","2012-03","Mar","N",36.8722429651919,29.1043561507846,2.81127233828604,1.94096435600926,0.066689822855158,0.0762435944279261
"38",2012,"March","2012-03","Mar","NE",6.86064674174744,6.80721749095929,0.59899588493752,0.596863953809388,0.0876810465659555,0.0873089531476086
"39",2012,"March","2012-03","Mar","S",28.2549846888113,28.3847242983963,3.38703331529366,3.40716902434412,0.120035304501324,0.119873832974855
"40",2012,"March","2012-03","Mar","SE",16.2643317210515,16.3707101562456,2.86370953205126,2.90642494944442,0.17753811054651,0.176072990957548
"41",2012,"May","2012-05","May","CO",32.6134732046333,27.4994990479393,3.89220723346064,3.01074705797652,0.109483705602343,0.119343536612583
"42",2012,"May","2012-05","May","N",32.290128998091,25.4246112258504,2.75441378839791,1.9005275985924,0.0747514910536779,0.0853020373056036
"43",2012,"May","2012-05","May","NE",7.54469362677843,7.47511143571935,0.666891688876733,0.665773646522727,0.0890653807970501,0.0883921497500879
"44",2012,"May","2012-05","May","S",36.4033640954821,36.5719510421879,3.94425445143736,3.96834980482433,0.108508014796547,0.108348625173542
"45",2012,"May","2012-05","May","SE",20.7246423014309,20.8559757616382,3.60650476575145,3.66358939304968,0.175661375661376,0.174020121230389
"46",2012,"November","2012-11","Nov","CO",22.5024086531669,18.5578823673937,2.53465429187969,1.94339191367715,0.104720564297341,0.112639243689274
"47",2012,"November","2012-11","Nov","N",23.1960840560259,18.5301440862759,2.54246374110886,1.79943570505025,0.0971085651936716,0.109607455075951
"48",2012,"November","2012-11","Nov","NE",6.09285690492598,6.05557176582455,0.670099775044869,0.670014242997394,0.110644257703081,0.109981210046654
"49",2012,"November","2012-11","Nov","S",27.4312219783563,27.5429531276759,3.42300270693537,3.44725336580699,0.125159177733309,0.12478491514655
"50",2012,"November","2012-11","Nov","SE",15.7543894394131,15.8512206500949,2.93070425232903,2.96754136193274,0.187212166648817,0.186024616415614
"51",2012,"October","2012-10","Oct","CO",29.508156204055,24.2974336150412,3.87814072231341,2.98053889351521,0.122668876916701,0.13142606049308
"52",2012,"October","2012-10","Oct","N",24.9447041810485,19.8746662703864,2.07919541168758,1.45572326700694,0.0732451678535097,0.0833521775442514
"53",2012,"October","2012-10","Oct","NE",7.22509720106634,7.17614938425532,0.719703161240377,0.721961549812066,0.10060570246713,0.0996115541717774
"54",2012,"October","2012-10","Oct","S",33.7615331136662,33.9163634202726,3.74757379789527,3.76792809750997,0.111094696410105,0.111001292070422
"55",2012,"October","2012-10","Oct","SE",19.751166844179,19.8882992305732,3.5639303586211,3.6347288649302,0.182757148954332,0.180441509442844
"56",2012,"September","2012-09","Sep","CO",31.9532493024598,26.5831847259465,3.38348603058488,2.57776336736451,0.096969696969697,0.10588863744522
"57",2012,"September","2012-09","Sep","N",24.720020125135,19.6219365365311,2.61964931714386,1.77921732634182,0.0906749098402885,0.105972782541557
"58",2012,"September","2012-09","Sep","NE",7.26633521960075,7.20371326134066,0.695562683188471,0.695457821845397,0.0965415746872701,0.0957240014625541
"59",2012,"September","2012-09","Sep","S",32.8865052495742,33.0395184507723,3.61598853294421,3.63765398775564,0.110100090991811,0.109953566227321
"60",2012,"September","2012-09","Sep","SE",19.9185600406176,20.0614623992901,3.38952702168511,3.45137962746525,0.172040280951172,0.170169280047014
"61",2013,"April","2013-04","Apr","CO",32.5658261615272,27.6691607313363,3.3777393467237,2.65860263254833,0.096085409252669,0.103720364101007
"62",2013,"April","2013-04","Apr","N",32.8227807646105,26.445018706672,2.50556770025913,1.81359800299204,0.0685799478196049,0.0763362409244933
"63",2013,"April","2013-04","Apr","NE",8.17359848181624,8.19258705482688,0.83249690103388,0.84066699542838,0.102613129381772,0.101851944756759
"64",2013,"April","2013-04","Apr","S",31.4587877669776,32.1001687021925,3.47000814694627,3.58038446424823,0.111537870640651,0.110303301342996
"65",2013,"April","2013-04","Apr","SE",19.1466080258349,19.5746211674319,3.36353355493868,3.48268341057882,0.177918304563322,0.175672555180541
"66",2013,"August","2013-08","Aug","CO",35.3161210844346,29.8748162487097,3.99881782254739,3.13124310055692,0.104812129202373,0.113229247713443
"67",2013,"August","2013-08","Aug","N",25.2169709923203,20.314268935688,2.04951365732489,1.43905058933064,0.0708393983503154,0.0812751721033054
"68",2013,"August","2013-08","Aug","NE",7.44983885312618,7.46157227619351,0.819141750108595,0.830223927162189,0.111266620013996,0.109954291127366
"69",2013,"August","2013-08","Aug","S",44.8175013620692,45.7312742933524,5.0274608966963,5.19303697087244,0.113555483662245,0.112176287028603
"70",2013,"August","2013-08","Aug","SE",21.3854962572417,21.8830280389972,3.78496638394556,3.93432823327636,0.179789023085155,0.176987540453445
"71",2013,"December","2013-12","Dec","CO",26.2727277940639,21.9187017038984,3.45636869235285,2.7176826910494,0.123989218328841,0.131557283257576
"72",2013,"December","2013-12","Dec","N",25.646173555278,20.5113991534046,2.23622601776681,1.55732871996056,0.0759250360403652,0.0871953086080007
"73",2013,"December","2013-12","Dec","NE",6.05274921359962,6.06428974217714,0.777782777694532,0.787407347270805,0.129843292577923,0.128500744082866
"74",2013,"December","2013-12","Dec","S",24.7512995638166,25.2747525885292,3.52003278995295,3.61490607753988,0.143024390243902,0.142216079639665
"75",2013,"December","2013-12","Dec","SE",14.9052712115573,15.2605767313691,3.00828191591258,3.12638582822853,0.204866820124959,0.201826714402889
"76",2013,"February","2013-02","Feb","CO",25.1548366389117,21.2885144132203,2.82728354814027,2.21550219379027,0.104070305272895,0.112395225964886
"77",2013,"February","2013-02","Feb","N",23.7348033894302,19.180770183818,2.41926731367288,1.6854633614763,0.0878725590955807,0.101929106973359
"78",2013,"February","2013-02","Feb","NE",5.74047366931447,5.75204200101803,0.694874707834335,0.703862801141277,0.12236746550472,0.121048322466623
"79",2013,"February","2013-02","Feb","S",23.7268983260723,24.2243092126547,2.96949571418198,3.05762860583182,0.126221498371336,0.125153135204316
"80",2013,"February","2013-02","Feb","SE",15.5446355539374,15.9029160347612,2.85594181100874,2.9674737609831,0.186599347848953,0.183725234412803
"81",2013,"January","2013-01","Jan","CO",25.9348081699516,21.7217681755615,3.51525665123463,2.74722272029994,0.126473254759746,0.135542034018492
"82",2013,"January","2013-01","Jan","N",24.7903506629591,20.1072822070857,1.9978603917012,1.43905058933064,0.0715686274509804,0.0805902433113357
"83",2013,"January","2013-01","Jan","NE",6.2911949311862,6.31179046008587,0.76278018637714,0.7706984380449,0.122104566512244,0.121245676651338
"84",2013,"January","2013-01","Jan","S",25.7714418120406,26.2857426920704,3.05891376058903,3.14639846858178,0.119699812382739,0.118693931946015
"85",2013,"January","2013-01","Jan","SE",15.9462805833,16.2993598235735,3.06678867174639,3.17991410351121,0.195094417077176,0.192319999370771
"86",2013,"July","2013-07","Jul","CO",35.9211084366151,30.4360768044699,3.83030105738599,3.04262301280531,0.0999676480103526,0.106630926051316
"87",2013,"July","2013-07","Jul","N",25.7353897518011,20.6691033275778,2.09128396665272,1.44890710021647,0.0701001430615164,0.0812610178754479
"88",2013,"July","2013-07","Jul","NE",8.48704763463337,8.49230311406656,0.850402433464215,0.857375904654285,0.100959173635022,0.100200030690761
"89",2013,"July","2013-07","Jul","S",50.8696948558458,51.9057114135161,5.4037766643686,5.56784305803892,0.107268408551069,0.106227817557817
"90",2013,"July","2013-07","Jul","SE",23.2294311618145,23.7381173292622,3.98203313302475,4.13338650698379,0.17412444507082,0.171421896011409
"91",2013,"June","2013-06","Jun","CO",31.5547788421159,26.8420399123213,3.42401286784245,2.70783601463256,0.100880410858401,0.108510120922554
"92",2013,"June","2013-06","Jun","N",25.6368582624894,20.7676684364361,2.01232547531953,1.4587636111023,0.0702420503084955,0.07849345090244
"93",2013,"June","2013-06","Jun","NE",8.03232832834339,8.03907395131387,0.867560041002668,0.879306348013287,0.109379059495973,0.108008538189523
"94",2013,"June","2013-06","Jun","S",40.8220403106397,41.6429289478128,4.6396909437936,4.77384595233098,0.114637612505921,0.113656517618604
"95",2013,"June","2013-06","Jun","SE",22.786329811553,23.2429807828975,3.63758541873143,3.77207064882576,0.162288593019072,0.159638934783044
"96",2013,"March","2013-03","Mar","CO",28.8738339977436,24.4197575137772,3.50467776394593,2.76691607313363,0.113306451612903,0.121379023105134
"97",2013,"March","2013-03","Mar","N",30.1125087327921,24.1977342247036,2.62658184649575,1.8333110247637,0.0757637474541751,0.0872256068002545
"98",2013,"March","2013-03","Mar","NE",6.81639525580236,6.83603248704866,0.786034746662803,0.797850415536996,0.116712496180874,0.115315312150319
"99",2013,"March","2013-03","Mar","S",29.3620785211131,29.9647603371519,3.21716224080749,3.3091432169567,0.110434496379197,0.109568613764661
"100",2013,"March","2013-03","Mar","SE",16.4942284315126,16.8814798172725,3.03392179543461,3.15649548307504,0.186979785969084,0.183938388390344
"101",2013,"May","2013-05","May","CO",33.3983099413988,28.3781214333492,3.66630032020409,2.88507619013578,0.101665510062457,0.109775025342211
"102",2013,"May","2013-05","May","N",34.7005655796579,28.4163208838373,2.78617335226622,1.95158915539361,0.068678459937565,0.0802918714932855
"103",2013,"May","2013-05","May","NE",8.57698067938928,8.592556569422,0.933303298589576,0.940920450783814,0.109504132231405,0.108814900426712
"104",2013,"May","2013-05","May","S",33.9299651679775,34.6202464724829,3.76073128524662,3.87628400674809,0.111965811965812,0.110838053226059
"105",2013,"May","2013-05","May","SE",22.4883459474764,22.9686483720738,3.92920000199943,4.07818547309854,0.177554438860972,0.174721609636228
"106",2013,"November","2013-11","Nov","CO",24.5791201006927,20.6780204753759,2.77452643413369,2.16626881170604,0.104761904761905,0.1128814385042
"107",2013,"November","2013-11","Nov","N",24.2085836864579,19.4468959777353,1.87149836592633,1.33062896958655,0.0684237202230107,0.0773072225193099
"108",2013,"November","2013-11","Nov","NE",5.84408341199361,5.85333976320009,0.710822960235208,0.719527403540564,0.12292595896521,0.121631214020048
"109",2013,"November","2013-11","Nov","S",27.2587297390782,27.8638735854029,3.37527486214305,3.48668294245661,0.125132743362832,0.123823629877523
"110",2013,"November","2013-11","Nov","SE",15.1874146792049,15.5349091421928,2.89557008704701,3.00427445023994,0.193388607731237,0.190655891618718
"111",2013,"October","2013-10","Oct","CO",28.1863961900233,23.6812567825138,3.45481443503805,2.68814266179886,0.113513513513514,0.122570278646012
"112",2013,"October","2013-10","Oct","N",26.5096425173089,21.4280546657864,2.17820073863112,1.50804616553143,0.0703771849126035,0.0821663565326812
"113",2013,"October","2013-10","Oct","NE",6.61955141544181,6.62821542855146,0.764935222236315,0.773831358524757,0.116748069954309,0.115556957598653
"114",2013,"October","2013-10","Oct","S",36.0930348466354,36.8493563593152,4.05748989555397,4.17711520828961,0.113356531049251,0.112417531881008
"115",2013,"October","2013-10","Oct","SE",17.3976618994058,17.7764056696547,3.16154553969584,3.27526134385846,0.18424767102663,0.181722438220495
"116",2013,"September","2013-09","Sep","CO",30.8041895177903,25.9755323876388,3.47582468919874,2.74722272029994,0.105761940864291,0.112836102608424
"117",2013,"September","2013-09","Sep","N",24.3161023625307,19.4567524886212,2.30019000314305,1.59675476350386,0.0820668693009119,0.0945953413441566
"118",2013,"September","2013-09","Sep","NE",6.43189129679072,6.43606297245355,0.74283508670906,0.753989528818994,0.117150738276813,0.115492481516239
"119",2013,"September","2013-09","Sep","S",40.4877178770923,41.3371660872296,4.48795116017832,4.63082784012272,0.112025769506084,0.110847224676933
"120",2013,"September","2013-09","Sep","SE",19.2050814399582,19.6432042701379,3.41191328473864,3.54290272027182,0.180362769309376,0.177656798561645
"121",2014,"April","2014-04","Apr","CO",32.5319438723887,28.095086645305,3.57050273820375,2.86153660276255,0.101851851851852,0.109753747031212
"122",2014,"April","2014-04","Apr","N",32.4544117039057,26.0322012946694,3.05841845459934,2.21100675693278,0.0849335302806499,0.094237371562994
"123",2014,"April","2014-04","Apr","NE",7.36893474773319,7.44031005853572,0.818850208219647,0.840649055154707,0.112985755773752,0.111121924165706
"124",2014,"April","2014-04","Apr","S",25.7715397104327,26.7609920009836,2.94303550269252,3.11264668347496,0.116312828887679,0.11419711572379
"125",2014,"April","2014-04","Apr","SE",16.5028286789982,17.1675956644608,2.77832197956594,2.94782109363833,0.171708441371363,0.168354288443998
"126",2014,"August","2014-08","Aug","CO",27.7509534468173,23.6534422888285,3.65951716545936,2.90007581626777,0.122606924643585,0.131869961602312
"127",2014,"August","2014-08","Aug","N",23.7584196233989,18.9473665996283,2.25990903334136,1.60538316699032,0.084728564180619,0.0951203434051503
"128",2014,"August","2014-08","Aug","NE",7.05975523287517,7.1491182805568,0.833154603016237,0.86019903318156,0.120322394933794,0.118014658516273
"129",2014,"August","2014-08","Aug","S",40.0744439381544,41.668675804834,4.58592198578006,4.83164344782774,0.115953851532455,0.114435074703903
"130",2014,"August","2014-08","Aug","SE",20.3121698001884,21.1606732308993,3.49740199651166,3.72599310493435,0.176081028437865,0.172182589596076
"131",2014,"December","2014-12","Dec","CO",23.8153413821219,20.2041826801113,3.07303352911787,2.46650966433405,0.12207916070577,0.129035879847802
"132",2014,"December","2014-12","Dec","N",21.2875346953369,16.6806766965151,2.33044700465835,1.66130653839062,0.0995946728430805,0.109474724904093
"133",2014,"December","2014-12","Dec","NE",5.84062611202309,5.90820914895756,0.74461041198211,0.765535981683111,0.12957157784744,0.127488114750114
"134",2014,"December","2014-12","Dec","S",23.1629798044535,24.0902343162547,3.13506742168522,3.32145137519013,0.13787542834106,0.135348191301468
"135",2014,"December","2014-12","Dec","SE",14.8700707791988,15.4974934453022,2.98788642924428,3.17368881725603,0.204787234042553,0.200932898949205
"136",2014,"February","2014-02","Feb","CO",22.6104695964772,19.4912072302648,2.77014788713719,2.23527438330273,0.114681166584281,0.122516158955354
"137",2014,"February","2014-02","Feb","N",22.8103005308903,18.3032907182609,2.28223806710966,1.63422238555901,0.0892857142857143,0.100052959145321
"138",2014,"February","2014-02","Feb","NE",5.54691467665959,5.610843693707,0.682971190443154,0.701741316542852,0.125068769484687,0.123126319811079
"139",2014,"February","2014-02","Feb","S",22.2611588328515,23.1578970881312,3.62537177768198,3.84589106600962,0.166072551897672,0.162856381597345
"140",2014,"February","2014-02","Feb","SE",14.0612730325878,14.6830507046661,3.10094169388769,3.31217705655448,0.225578261845947,0.220530650866468
"141",2014,"January","2014-01","Jan","CO",26.7096288936867,22.8537536085952,2.99432585484762,2.40870084407622,0.10539629005059,0.112106606451405
"142",2014,"January","2014-01","Jan","N",27.5922293832058,21.8505146022096,2.03099375359341,1.44196092843442,0.065992080950286,0.073607453946059
"143",2014,"January","2014-01","Jan","NE",6.70312950162651,6.78590026774209,0.787889815129197,0.810809615008456,0.119484457922669,0.117540592784015
"144",2014,"January","2014-01","Jan","S",24.5979481158996,25.5275875429452,3.77091061280046,3.9770009887145,0.155792276964048,0.153301836195151
"145",2014,"January","2014-01","Jan","SE",15.3393495681806,15.9871482913931,3.17800917078459,3.37977250668824,0.211405589357533,0.207180177794301
"146",2014,"July","2014-07","Jul","CO",28.9073119430685,24.6747314467168,3.74619837489648,2.99642385003082,0.121436938695822,0.129593453112293
"147",2014,"July","2014-07","Jul","N",26.0136798163062,20.9757249722927,2.48086745251154,1.73996618697754,0.0829514207149404,0.0953678014809906
"148",2014,"July","2014-07","Jul","NE",7.16465371873435,7.247897116903,0.810234893811116,0.832417485459189,0.114849517319705,0.113087795393724
"149",2014,"July","2014-07","Jul","S",41.7515363654827,43.39252849225,4.98656909317889,5.2735324465738,0.121530886302596,0.119434385588298
"150",2014,"July","2014-07","Jul","SE",18.9169399765503,19.7065467182656,3.31247958104315,3.52320675453306,0.178783568978499,0.175106522785892
"151",2014,"June","2014-06","Jun","CO",31.520720803123,27.0159886671589,3.48175820063134,2.79409297912841,0.103423680456491,0.110459345849933
"152",2014,"June","2014-06","Jun","N",27.2961043803707,21.8642015797904,2.73155553974968,1.92063527630812,0.0878438331854481,0.10007125931545
"153",2014,"June","2014-06","Jun","NE",7.45526977292772,7.55246519563714,0.79180386709553,0.814925399856215,0.107901907356948,0.106207272333833
"154",2014,"June","2014-06","Jun","S",38.1440409956581,39.7165947334504,4.67586338925486,4.94818560134319,0.12458735786771,0.122584374051693
"155",2014,"June","2014-06","Jun","SE",20.6102474431113,21.4706230998053,3.46093918793508,3.67818168898608,0.171312293634339,0.16792322350753
"156",2014,"March","2014-03","Mar","CO",28.7998414385828,24.7807142838561,3.20734009519632,2.5724925014734,0.103810264385692,0.111366588668071
"157",2014,"March","2014-03","Mar","N",30.5747355979805,24.8978586976343,2.9282307184099,2.09564988265803,0.0841698841698842,0.0957728876845401
"158",2014,"March","2014-03","Mar","NE",6.90670359525321,6.99168951013003,0.792232094696037,0.818012238492034,0.116997792494481,0.114704805812214
"159",2014,"March","2014-03","Mar","S",24.8010444332685,25.7558159269129,3.1947658015147,3.37972245194785,0.131221719457014,0.128815776694839
"160",2014,"March","2014-03","Mar","SE",15.1008177238462,15.6837931005489,2.68256673195678,2.84230624464904,0.181225691159466,0.17764380585302
"161",2014,"May","2014-05","May","CO",34.3877594838933,29.6077507753849,4.03251496655216,3.20838952430952,0.108363163032867,0.117265998921533
"162",2014,"May","2014-05","May","N",30.4242757093182,24.3210743262606,2.46321605823289,1.71112696840885,0.0703557312252964,0.0809621922233128
"163",2014,"May","2014-05","May","NE",7.9175314143352,8.0052015288906,0.821866789128457,0.846822732426345,0.105784061696658,0.103803413730751
"164",2014,"May","2014-05","May","S",31.5887179130395,32.8211839837867,3.7376987958325,3.94786545033563,0.120284065690191,0.118323852399518
"165",2014,"May","2014-05","May","SE",20.6249517641518,21.4590824131971,3.51793294617523,3.73423645251164,0.174016594960049,0.170566844781171
"166",2014,"November","2014-11","Nov","CO",21.9693029158394,18.6337097297736,2.95306095048666,2.35089202381839,0.126163391933816,0.134417599038045
"167",2014,"November","2014-11","Nov","N",22.0727687337049,17.4886069718986,2.38214471595895,1.67619335520136,0.0958448753462604,0.107922333835784
"168",2014,"November","2014-11","Nov","NE",5.91202363844033,5.98640906106497,0.738148457534437,0.758333358199533,0.126675833619801,0.124855464503719
"169",2014,"November","2014-11","Nov","S",25.5823640828393,26.5813228476473,3.1901123701162,3.36515468275842,0.126598465473146,0.124699670436484
"170",2014,"November","2014-11","Nov","SE",14.5823924240908,15.172705550757,2.63586784717681,2.79449482870076,0.184179072041726,0.180756886148684
"171",2014,"October","2014-10","Oct","CO",25.4003257528851,21.5819595629229,4.02011633773602,3.1698503108043,0.146875,0.158270266958265
"172",2014,"October","2014-10","Oct","N",23.5983383886681,18.7072958259964,3.06702704961384,2.15070930780487,0.114966338684619,0.129967923974114
"173",2014,"October","2014-10","Oct","NE",6.5273195879235,6.60480573444071,0.805000822102337,0.83035959303531,0.125720517214519,0.123327931359713
"174",2014,"October","2014-10","Oct","S",33.1135830794687,34.457630056066,3.9184851666379,4.14210237286137,0.120208568207441,0.118334677260204
"175",2014,"October","2014-10","Oct","SE",18.1148818953013,18.875617282475,3.32502056418924,3.5330987716258,0.187177919468949,0.183551876485139
"176",2014,"September","2014-09","Sep","CO",25.175692744858,21.3025502650101,3.83770447152656,3.02532826015973,0.142017186793306,0.152436896589882
"177",2014,"September","2014-09","Sep","N",24.336610039226,19.4664725338647,2.06916358333692,1.48041321985934,0.0760493827160494,0.0850226707828992
"178",2014,"September","2014-09","Sep","NE",6.452177527908,6.53380844581688,0.781771611200951,0.808751722584577,0.123779527559055,0.121163995847837
"179",2014,"September","2014-09","Sep","S",35.7689789817796,37.2303621251209,3.88138923648948,4.11296683448251,0.110473457675753,0.108512720993983
"180",2014,"September","2014-09","Sep","SE",18.7293774423798,19.498814359318,3.15570874007113,3.34350177734817,0.171472055466306,0.168489782950851
"181",2015,"April","2015-04","Apr","CO",33.1990723562081,28.4668963386176,3.84722033222722,3.13154724467231,0.110006626905235,0.115883368395015
"182",2015,"April","2015-04","Apr","N",32.9668004244712,25.2814625738704,3.14562263759942,2.21306571492338,0.0875370919881306,0.0954178930650616
"183",2015,"April","2015-04","Apr","NE",9.11050203353111,9.3645303326577,1.04083676493304,1.09401561595254,0.116825465569511,0.114245818847551
"184",2015,"April","2015-04","Apr","S",26.2090212273967,27.7048431624619,3.08650734058884,3.34352302668524,0.120683701657459,0.117765074621042
"185",2015,"April","2015-04","Apr","SE",16.1307806547341,17.1124353142226,2.97064397639492,3.23397400525194,0.188983855650522,0.184159963487141
"186",2015,"August","2015-08","Aug","CO",25.8666485928975,22.1377752507407,3.84401965438841,3.13154724467231,0.141457179377929,0.148609111094659
"187",2015,"August","2015-08","Aug","N",20.5840589677088,16.3260483461085,2.45739435695475,1.71606366877533,0.10511200459506,0.119383371414247
"188",2015,"August","2015-08","Aug","NE",6.55395588204316,6.72530637684263,0.867577653242461,0.911510693921533,0.135534448967285,0.132374655682302
"189",2015,"August","2015-08","Aug","S",36.9223776725028,39.1799672554775,4.06180795727742,4.41498104954288,0.112684653888414,0.110009382204613
"190",2015,"August","2015-08","Aug","SE",17.6363728436458,18.7424232173722,3.16626196241552,3.44361352619541,0.183733633920055,0.179530223730573
"191",2015,"December","2015-12","Dec","CO",19.7945543747646,16.9311063379121,3.26258633952125,2.65992868372769,0.157103064066852,0.164822419224583
"192",2015,"December","2015-12","Dec","N",18.6263781963178,14.8913065902471,2.21914622378898,1.5660253152212,0.105163727959698,0.119139974524283
"193",2015,"December","2015-12","Dec","NE",5.41073149100079,5.5603166245447,0.920206699181278,0.966262170530835,0.173778264040846,0.170070664329173
"194",2015,"December","2015-12","Dec","S",25.5985354398345,27.1212812035841,3.49934831038922,3.79793602745075,0.140035273368607,0.136701113960754
"195",2015,"December","2015-12","Dec","SE",14.2378905169542,15.1151719712806,2.9390148101528,3.19172107855016,0.21116009031287,0.206422068399325
"196",2015,"February","2015-02","Feb","CO",18.4733644345534,15.969004473585,3.13138561459317,2.60333445641433,0.163024217365623,0.1695081383625
"197",2015,"February","2015-02","Feb","N",20.7339857701016,16.6242342913825,1.80934269069014,1.33146041235329,0.080091533180778,0.0872645863054085
"198",2015,"February","2015-02","Feb","NE",5.12808633859877,5.25411392202601,0.667166774449337,0.701630033585874,0.133539174064068,0.130100534662924
"199",2015,"February","2015-02","Feb","S",19.6621690965408,20.7690657823566,2.83796676141866,3.08044181571573,0.148318747121142,0.144336402941319
"200",2015,"February","2015-02","Feb","SE",11.7798354485241,12.4678636021572,2.35618023627731,2.54492627749977,0.204118873826903,0.200018094189298
"201",2015,"January","2015-01","Jan","CO",22.3875179819088,19.2043078016652,3.35831932188743,2.70709053982215,0.140962671905697,0.150008559439294
"202",2015,"January","2015-01","Jan","N",23.4873784388649,18.5391140610319,2.41833990827785,1.7348184629696,0.0935761254425898,0.102963381569915
"203",2015,"January","2015-01","Jan","NE",6.15104297170788,6.29946155877028,0.806325146800127,0.848647887444186,0.134717527764365,0.131087548974844
"204",2015,"January","2015-01","Jan","S",21.9178039877952,23.194196218021,3.18789490690624,3.46310539530774,0.14930913590431,0.145447733207277
"205",2015,"January","2015-01","Jan","SE",14.9240729881946,15.8740995393472,3.43970167027781,3.75238491363152,0.236384111384111,0.230480088980986
"206",2015,"July","2015-07","Jul","CO",28.7569959653064,24.6090565100906,3.77994135811932,3.03722353248339,0.123418934457647,0.131444235784558
"207",2015,"July","2015-07","Jul","N",22.2642617216617,17.348184629696,2.37864409377748,1.66917668328967,0.0962162162162162,0.106836872630868
"208",2015,"July","2015-07","Jul","NE",7.46714847274956,7.66317889283531,0.948609909974368,0.997693573769509,0.130193172797036,0.127037772643226
"209",2015,"July","2015-07","Jul","S",44.698173010905,47.4598504588997,5.31070105085975,5.77343675709453,0.12164886111671,0.1188124859055
"210",2015,"July","2015-07","Jul","SE",20.2040486499329,21.4888634529882,3.65299946588268,3.97990067279498,0.185207592830674,0.180805319229659
"211",2015,"June","2015-06","Jun","CO",29.7787458828378,25.5522936319798,3.85818000794567,3.11268250223453,0.121816168327796,0.129561534361635
"212",2015,"June","2015-06","Jun","N",24.7387610423012,19.3172692806607,2.8196863884683,2.00711139355157,0.10390243902439,0.113978480314631
"213",2015,"June","2015-06","Jun","NE",7.19574823610215,7.38739367732179,0.924120132738811,0.971331751698363,0.131485039802361,0.128425856827836
"214",2015,"June","2015-06","Jun","S",35.9419225831437,38.1085092326199,4.40348311560639,4.78329474490019,0.125517760763148,0.122516626800358
"215",2015,"June","2015-06","Jun","SE",21.2762188857629,22.6085660105854,3.83499838991097,4.17328906808391,0.184588844163312,0.180248116947
"216",2015,"March","2015-03","Mar","CO",24.5795458283615,21.3360236971349,3.27814822701881,2.65992868372769,0.124668435013263,0.133368950342291
"217",2015,"March","2015-03","Mar","N",29.5597732197957,23.2371900066955,2.94056960512749,2.09115955266065,0.0899919289749798,0.0994787606543015
"218",2015,"March","2015-03","Mar","NE",7.05494673661909,7.23530624229595,0.940129691880527,0.987554411434452,0.136491031390135,0.133258226741916
"219",2015,"March","2015-03","Mar","S",24.9670156411304,26.3463874549103,2.85139843525752,3.08044181571573,0.116920842411038,0.114206618694152
"220",2015,"March","2015-03","Mar","SE",15.1334404206075,16.0122341074107,2.83646874509328,3.07146274870662,0.191819750329849,0.187430529097059
"221",2015,"May","2015-05","May","CO",38.2081798336114,32.5228159627414,4.30434977836441,3.49940972220912,0.107598607888631,0.112655190514412
"222",2015,"May","2015-05","May","N",29.1309912365391,22.5526400186048,2.81976506143717,2.05364996427212,0.0910602910602911,0.0967960560813435
"223",2015,"May","2015-05","May","NE",8.57125194157432,8.81397381786416,1.09116675036453,1.14978100879535,0.130449787185091,0.127305410901749
"224",2015,"May","2015-05","May","S",31.568812662431,33.4639300353218,3.72528397059401,4.05145064893046,0.121069182389937,0.118005197421547
"225",2015,"May","2015-05","May","SE",19.91494118871,21.1703413901593,3.81066574399299,4.14891237960211,0.195977585015737,0.191347074936545
"226",2015,"November","2015-11","Nov","CO",19.1447517443982,16.497217261843,3.33391023836687,2.69765816860326,0.163522012578616,0.174142254905049
"227",2015,"November","2015-11","Nov","N",19.1715510541729,15.2195154886468,2.42815949818581,1.74419586006673,0.11460258780037,0.12665430623347
"228",2015,"November","2015-11","Nov","NE",5.5287463760571,5.67488915893083,0.860904732775509,0.903399364053488,0.159192424513132,0.155714274849677
"229",2015,"November","2015-11","Nov","S",27.0581201027464,28.7045517641461,3.43236721662982,3.72140331153235,0.129645059156807,0.126851651319318
"230",2015,"November","2015-11","Nov","SE",13.541220081946,14.3724955288684,2.72199794584893,2.95770486912489,0.205789235639982,0.201015708287473
"231",2015,"October","2015-10","Oct","CO",22.4856760510585,19.1854430592274,4.21224393700847,3.3956536388013,0.176991150442478,0.187330099724094
"232",2015,"October","2015-10","Oct","N",20.7462368004081,16.4291997141769,2.65912405253417,1.91298900781512,0.116438356164384,0.128173802223344
"233",2015,"October","2015-10","Oct","NE",6.25144492969117,6.41606192562342,0.793386544859159,0.835466976408613,0.130214917825537,0.126912506433669
"234",2015,"October","2015-10","Oct","S",28.998104307785,30.7565852097083,3.37378787763926,3.65922047984865,0.118973561430793,0.11634511835084
"235",2015,"October","2015-10","Oct","SE",14.9797486488401,15.916352466049,3.00654326066097,3.26485114399555,0.205125587094139,0.200707190163286
"236",2015,"September","2015-09","Sep","CO",24.8752655925315,21.2511323561648,4.01963829929196,3.24473569929902,0.152685308477585,0.161591774139642
"237",2015,"September","2015-09","Sep","N",20.1782581419952,15.8196689028633,2.5949518552078,1.83796983103806,0.116182572614108,0.128601380602182
"238",2015,"September","2015-09","Sep","NE",6.16981210171572,6.3207537996739,0.7280773511301,0.764492840063221,0.120949631055502,0.118006405888379
"239",2015,"September","2015-09","Sep","S",32.6328012182805,34.5688711213937,3.62511879517271,3.93186828030796,0.113740141137401,0.111088189178867
"240",2015,"September","2015-09","Sep","SE",15.8004274755018,16.7857876885665,3.02467725707169,3.29572828273916,0.196340400813244,0.191430090215052
"241",2016,"April","2016-04","Apr","CO",29.4376659365743,26.248838620551,4.18723131802222,3.52941089512513,0.134459697289687,0.142240601786973
"242",2016,"April","2016-04","Apr","N",27.2902870115306,22.140390201505,3.62481254236442,2.66233617712312,0.120247933884298,0.132824273369968
"243",2016,"April","2016-04","Apr","NE",6.72837634661716,6.9907269645579,0.97473270291613,1.04021537594408,0.148799313893654,0.144868933112845
"244",2016,"April","2016-04","Apr","S",34.4238003790368,36.7575088100414,4.08683509373593,4.52516138210307,0.123108489356245,0.118721205931252
"245",2016,"April","2016-04","Apr","SE",21.0150437754188,22.4271024242948,3.77220167464419,4.16402623237192,0.185669381340191,0.179500062667322
"246",2016,"August","2016-08","Aug","CO",22.761154581603,19.7351352669824,3.48773257017186,2.93809598075861,0.148876404494382,0.153231794884029
"247",2016,"August","2016-08","Aug","N",19.8190364735534,15.6995494156126,2.46185512533174,1.76574186317788,0.112470862470862,0.124216690787004
"248",2016,"August","2016-08","Aug","NE",5.35800580572096,5.57579423416711,0.843333253083761,0.899321650672115,0.161290322580645,0.157396853169383
"249",2016,"August","2016-08","Aug","S",34.5723281099562,37.4881338248601,4.16021030622272,4.64300412642867,0.123852634226078,0.120333530706735
"250",2016,"August","2016-08","Aug","SE",16.8386764260499,18.2454523794734,3.19697557415496,3.55680578525035,0.194942044257113,0.189859077594076
"251",2016,"December","2016-12","Dec","CO",17.96045996286,15.5497343887319,3.06608616465783,2.55004556820559,0.163992869875223,0.170713120432222
"252",2016,"December","2016-12","Dec","N",16.9544741070235,13.5435635202783,2.21511488303141,1.59985068060314,0.118126272912424,0.130650757378183
"253",2016,"December","2016-12","Dec","NE",4.30241464064104,4.48661579057533,0.774186363831912,0.82837516489687,0.184632516703786,0.179942294849704
"254",2016,"December","2016-12","Dec","S",22.6200416018408,24.4075892047184,2.95346698961066,3.2948831313438,0.134994206257242,0.130568592295176
"255",2016,"December","2016-12","Dec","SE",13.4727560713063,14.5460539298594,2.69778907203074,2.99284378686831,0.205749531886772,0.200240326311286
"256",2016,"February","2016-02","Feb","CO",19.4504189466629,17.0280216746482,2.88160692047055,2.39297754407698,0.140531741725448,0.148151406320476
"257",2016,"February","2016-02","Feb","N",15.8657048152864,12.7988054448251,2.13350954237552,1.55387795989616,0.121408045977011,0.134473038999182
"258",2016,"February","2016-02","Feb","NE",5.94469130125695,6.18033823267448,0.886814361401755,0.951282457155392,0.15392077607114,0.149177529405816
"259",2016,"February","2016-02","Feb","S",20.3867361284929,21.970601252065,2.74414786763932,3.06391135246562,0.139455052563828,0.134604570851537
"260",2016,"February","2016-02","Feb","SE",12.8154321996222,13.8138646308237,2.76150244977903,3.05693037759355,0.221294363256785,0.215482584337689
"261",2016,"January","2016-01","Jan","CO",21.699900877986,18.9959916240242,3.51608584523965,2.97505316290652,0.156614785992218,0.162032345908392
"262",2016,"January","2016-01","Jan","N",18.9147600791341,14.9310400036596,2.76337613528543,1.97616705930788,0.132352941176471,0.146096282676821
"263",2016,"January","2016-01","Jan","NE",5.46839131104917,5.68671057108334,0.867177409284065,0.921305068799655,0.162010191530487,0.158579984488653
"264",2016,"January","2016-01","Jan","S",23.1204811243112,24.8978150211129,3.31360606284643,3.69083475227782,0.148239303294207,0.143319079089672
"265",2016,"January","2016-01","Jan","SE",13.7008947192515,14.7815721507747,2.83874060350402,3.13703861600009,0.212226316930414,0.207193811913264
"266",2016,"July","2016-07","Jul","CO",28.7396273336331,24.9460979498373,4.3123929114251,3.60332525942094,0.144444444444444,0.150050411627239
"267",2016,"July","2016-07","Jul","N",19.3518101312008,15.3335925527778,2.36928166688781,1.71084833375266,0.111575178997613,0.122432043866937
"268",2016,"July","2016-07","Jul","NE",5.60106264221466,5.8355982665835,0.959487902761537,1.02322818920916,0.175342465753425,0.171304619150297
"269",2016,"July","2016-07","Jul","S",40.8413903421724,44.2051702514194,4.86430421468391,5.42547994875066,0.122734058434634,0.119102316888098
"270",2016,"July","2016-07","Jul","SE",20.2945110467705,21.9913136073632,3.74961518425341,4.18485437435762,0.190295789013551,0.184760065202462
"271",2016,"June","2016-06","Jun","CO",28.5444620330418,25.2047982248726,3.46714646167043,2.92885668522164,0.116202346041056,0.121464768110081
"272",2016,"June","2016-06","Jun","N",22.5776145874272,18.0325244161844,2.93347155732036,2.1225498044418,0.117706747843734,0.129928321079319
"273",2016,"June","2016-06","Jun","NE",5.53432033862746,5.76565102708678,0.895807607281372,0.956278688548015,0.165857885615251,0.161864068660604
"274",2016,"June","2016-06","Jun","S",44.3556662928392,47.7923033886907,5.68156465703553,6.33051222517128,0.13245882236907,0.128091067768556
"275",2016,"June","2016-06","Jun","SE",20.2925383695027,21.9448508290874,3.96290379866449,4.40595311235967,0.200773892093159,0.195288717779156
"276",2016,"March","2016-03","Mar","CO",26.0879214641083,22.9411708183133,3.80982602318121,3.20603555133094,0.139750302053967,0.146037929024846
"277",2016,"March","2016-03","Mar","N",21.7445164933305,17.3646531415109,2.72464018975488,1.94872029459527,0.112223393045311,0.125302403968862
"278",2016,"March","2016-03","Mar","NE",6.68301987678147,6.9457608820243,1.04007321848541,1.11316035427637,0.160264710113653,0.155629227155061
"279",2016,"March","2016-03","Mar","S",28.1282720845852,30.1865973864459,3.69197397426503,4.10092750253091,0.135852592129919,0.131254915451714
"280",2016,"March","2016-03","Mar","SE",17.8782891216511,19.1602884620761,3.57697170305256,3.95254048297866,0.206288151183209,0.200073490182053
"281",2016,"May","2016-05","May","CO",32.2738127631556,28.9005164396633,4.35506761308339,3.70495751032768,0.128196930946292,0.134941218288755
"282",2016,"May","2016-05","May","N",26.0228193979235,20.9571534134655,3.10457222746465,2.24145610892259,0.106954225352113,0.119301916521481
"283",2016,"May","2016-05","May","NE",5.8880246502025,6.13137516502677,0.86335585766343,0.925302053913753,0.150912646675359,0.146629117395719
"284",2016,"May","2016-05","May","S",42.4440673418751,45.3977388239945,4.96725876642604,5.52446785398417,0.121690374831274,0.117030696573355
"285",2016,"May","2016-05","May","SE",20.9213397102957,22.4158872709179,3.92567907455854,4.35308167501135,0.194196269030091,0.187639947007153
"286",2016,"November","2016-11","Nov","CO",18.2328240105578,15.8823490280631,2.78020241974776,2.30982388424419,0.14543339150669,0.15248336835467
"287",2016,"November","2016-11","Nov","N",15.642596509007,12.3784908853869,2.3772324781608,1.66510372589831,0.134515890613452,0.151971731597883
"288",2016,"November","2016-11","Nov","NE",4.4976959349189,4.68346730744467,0.77109428843956,0.821380440947198,0.175378707062087,0.171442067137752
"289",2016,"November","2016-11","Nov","S",24.2101295000624,26.1375206914183,3.12640509490614,3.47871781249174,0.133092876465284,0.129136240055968
"290",2016,"November","2016-11","Nov","SE",12.7033362847945,13.7113260856633,2.55211897539893,2.82782081575084,0.206239775648516,0.200901473296723
"291",2016,"October","2016-10","Oct","CO",21.2844336988026,18.5247875516384,3.25793461275166,2.69787429679722,0.145635910224439,0.15306653955914
"292",2016,"October","2016-10","Oct","N",16.999079621,13.4580636307495,2.71996884834787,1.9395713730244,0.14411964649898,0.160006830310256
"293",2016,"October","2016-10","Oct","NE",5.13120250227311,5.33397663476416,0.787460493614718,0.840366120239165,0.157549644061446,0.153465097755521
"294",2016,"October","2016-10","Oct","S",31.703111961384,34.3346619867071,3.87158774996206,4.33189928140909,0.126166941241076,0.122120117251513
"295",2016,"October","2016-10","Oct","SE",14.6693979405025,15.8582268749586,2.8405978808411,3.15786675798579,0.199131137603556,0.19364106777676
"296",2016,"September","2016-09","Sep","CO",22.2080305659856,19.3563241499663,3.1008264102943,2.57776345481652,0.133174224343675,0.139626357280128
"297",2016,"September","2016-09","Sep","N",17.4394237275565,13.8972118661513,2.47931970000443,1.79318862789049,0.129032258064516,0.1421675244972
"298",2016,"September","2016-09","Sep","NE",5.18087312418195,5.39293216519711,0.827076174771923,0.886331449051295,0.164350565128775,0.159640306748974
"299",2016,"September","2016-09","Sep","S",33.3454161756633,36.0740208929529,4.06960634283946,4.53930251142214,0.125833006664053,0.122043951150611
"300",2016,"September","2016-09","Sep","SE",15.1957035093372,16.4093715551955,2.8358615043601,3.15786675798579,0.192442882249561,0.186622587273933
"301",2017,"April","2017-04","Apr","CO",28.1282877666674,24.8020566781779,3.91356134577455,3.33229531127034,0.134355604235122,0.139132583477484
"302",2017,"April","2017-04","Apr","N",27.9802436851453,21.8330364266413,3.40272172066039,2.42688431060336,0.111156518185533,0.121611582763552
"303",2017,"April","2017-04","Apr","NE",7.4588508366914,7.92253026076126,1.03665169555183,1.13066443801018,0.142715067130781,0.138982762659947
"304",2017,"April","2017-04","Apr","S",25.3265361627436,27.9144054271143,3.23281256340958,3.72223052224381,0.133344431496587,0.127645270661417
"305",2017,"April","2017-04","Apr","SE",15.3769306685945,16.9669369533426,2.76043540252467,3.15167962960134,0.185754189944134,0.179517971565192
"306",2017,"August","2017-08","Aug","CO",22.7020227799632,20.1839300239717,3.3217385153282,2.8252068943379,0.139973082099596,0.146319054805106
"307",2017,"August","2017-08","Aug","N",20.1449789480703,16.1494875080591,2.58198505233248,1.8826198144754,0.116574585635359,0.128170153912213
"308",2017,"August","2017-08","Aug","NE",6.31873609867398,6.69337588912649,0.911427899525055,0.994748329608263,0.14861683343143,0.144242121413541
"309",2017,"August","2017-08","Aug","S",34.5850132755542,38.1331131904279,4.14994025090186,4.75850693480358,0.124786741408725,0.119992443485201
"310",2017,"August","2017-08","Aug","SE",17.6592789951042,19.5056583391919,3.31029389549854,3.78043576623359,0.193812262087957,0.187453513612661
"311",2017,"December","2017-12","Dec","CO",19.0976541504088,16.9240759151203,2.91872403935341,2.49922148345275,0.147672552166934,0.152831547600884
"312",2017,"December","2017-12","Dec","N",20.4057434744996,16.0602638201693,2.84805172177774,2.06106719025506,0.128333333333333,0.139571083275493
"313",2017,"December","2017-12","Dec","NE",5.1408477248963,5.44550843010306,0.856515159963854,0.935654369433515,0.171821305841924,0.166609712210671
"314",2017,"December","2017-12","Dec","S",23.5834892798278,26.0277317791356,3.2354068387276,3.70364260452974,0.142296018568113,0.137189488813049
"315",2017,"December","2017-12","Dec","SE",13.961420070827,15.4440200796906,2.83015332201632,3.24172761901852,0.209901800327332,0.202712425215975
"316",2017,"February","2017-02","Feb","CO",19.4717730431139,17.1595098229818,2.52192114565932,2.14607062166052,0.125065963060686,0.129516769740246
"317",2017,"February","2017-02","Feb","N",24.2561061901945,19.1652481587354,3.04526989735497,2.22166982845675,0.115921787709497,0.12554652727345
"318",2017,"February","2017-02","Feb","NE",5.33975220398182,5.65430708938717,0.764851049087538,0.83814933514518,0.14823201532834,0.143237180279113
"319",2017,"February","2017-02","Feb","S",19.063765008948,20.902113469479,2.55591588348748,2.93224401939556,0.140284570920409,0.134071936067603
"320",2017,"February","2017-02","Feb","SE",11.8013688918839,12.9874477368184,2.40849215833727,2.74251420400397,0.21116652475368,0.204085829398457
"321",2017,"January","2017-01","Jan","CO",19.1190055789831,16.8606898630037,3.17361703728457,2.70748994040715,0.160580021482277,0.165992787866186
"322",2017,"January","2017-01","Jan","N",20.9995941466517,16.8097427984439,2.8397027743264,2.07891192783303,0.123673036093418,0.135226555070312
"323",2017,"January","2017-01","Jan","NE",4.9216409245259,5.19928359604161,0.763848169849811,0.835194637136443,0.16063648418261,0.155201929917996
"324",2017,"January","2017-01","Jan","S",20.8849865765577,22.9003146237422,2.78228343360404,3.19712184682115,0.13961038961039,0.133219306768768
"325",2017,"January","2017-01","Jan","SE",13.2322230852133,14.562497656975,2.64718412964987,3.00633901510343,0.206443914081146,0.200055887253597
"326",2017,"July","2017-07","Jul","CO",26.5435773602005,23.3985083813113,3.8686326048401,3.30512986036324,0.14125386996904,0.145746466361416
"327",2017,"July","2017-07","Jul","N",23.7850123774832,18.808353407176,3.02722507757559,2.22166982845675,0.118121442125237,0.127274479808192
"328",2017,"July","2017-07","Jul","NE",6.78514274349555,7.1966594499481,0.997688276736595,1.08831376655161,0.151224852880799,0.147040130834832
"329",2017,"July","2017-07","Jul","S",40.3204472050421,44.6992951229254,4.55068735429253,5.23714581594104,0.11716394635617,0.112863017891415
"330",2017,"July","2017-07","Jul","SE",20.1911206224978,22.3840344219656,3.82842885785106,4.3839152742575,0.195850095278425,0.189609528338177
"331",2017,"June","2017-06","Jun","CO",24.6232713904776,21.7866916274903,3.38298802844611,2.87048264584972,0.131753948462178,0.137389868908905
"332",2017,"June","2017-06","Jun","N",21.767729569116,17.264783606682,2.63561791137194,1.91830928963133,0.111111111111111,0.121079137031882
"333",2017,"June","2017-06","Jun","NE",6.80223745438433,7.2094631413193,0.96077900137184,1.04694799442929,0.145218579234973,0.141244554871071
"334",2017,"June","2017-06","Jun","S",41.4477725881513,45.8796278977692,4.90942956959771,5.63678604679369,0.122860326142003,0.118448574266719
"335",2017,"June","2017-06","Jun","SE",19.2327590030182,21.2955596025193,3.47644334875782,3.9952871094044,0.187611275964392,0.180756351608849
"336",2017,"March","2017-03","Mar","CO",29.2507700068232,25.8252886623451,3.87858591358015,3.31418501066561,0.128330995792426,0.132597737176676
"337",2017,"March","2017-03","Mar","N",37.4309839874454,28.8727854011488,4.25805127085408,3.04252775704318,0.105377008652658,0.11375739607279
"338",2017,"March","2017-03","Mar","NE",8.8997613316304,9.46192792331345,1.14254561642437,1.25082215703217,0.132195274279171,0.128379354664678
"339",2017,"March","2017-03","Mar","S",24.9629495159173,27.3892967516917,3.02995270142062,3.4759406125323,0.126908720732949,0.121377992592126
"340",2017,"March","2017-03","Mar","SE",15.0648041385308,16.5798885777775,2.80496452044678,3.20381267610602,0.193234873749404,0.186193228577901
"341",2017,"May","2017-05","May","CO",26.5438551356407,23.4800047340326,3.53872513390402,2.98819959978047,0.127265715387582,0.133316171137196
"342",2017,"May","2017-05","May","N",25.4407435079884,19.9236495057989,3.61202614087315,2.58748694880505,0.12987012987013,0.141978010184293
"343",2017,"May","2017-05","May","NE",7.39818644262688,7.85851180390528,1.0091348521237,1.10407215593155,0.140493796215065,0.136403003621166
"344",2017,"May","2017-05","May","S",35.3146076369928,39.0903909527028,4.06141513733257,4.67021432566171,0.119472182596291,0.115006661806378
"345",2017,"May","2017-05","May","SE",18.8879359420378,20.9132505948183,3.38705742083808,3.87996249137889,0.185526514579242,0.179323851543763
"346",2017,"November","2017-11","Nov","CO",18.555989505186,16.5075390012115,2.79986528959347,2.39961483012674,0.145364783324191,0.150887415020954
"347",2017,"November","2017-11","Nov","N",19.9530788504466,15.8282822316557,2.49205857486576,1.78447375779659,0.112739571589628,0.124895941801482
"348",2017,"November","2017-11","Nov","NE",5.11582371403896,5.4228557453694,0.841357737623891,0.924820476734811,0.170541227751544,0.164461831496464
"349",2017,"November","2017-11","Nov","S",28.826576043,31.7342225173571,3.54156104262138,4.03822512338311,0.127251427734661,0.122857499181953
"350",2017,"November","2017-11","Nov","SE",13.5989432546367,15.017476971925,2.69444836533687,3.07584974377635,0.204818009678098,0.198136598916844
"351",2017,"October","2017-10","Oct","CO",21.2471468073619,18.8075471780122,3.36967807675482,2.89764809675682,0.154068367838228,0.158594380097532
"352",2017,"October","2017-10","Oct","N",20.4352277977659,16.238711195949,2.28087403934111,1.63279348838388,0.100549450549451,0.111614808599808
"353",2017,"October","2017-10","Oct","NE",5.79063512351254,6.13986246215635,0.868968567381321,0.951412758813448,0.154956689124158,0.150064465960379
"354",2017,"October","2017-10","Oct","S",28.7498261344463,31.715634599643,3.4739636428136,3.97316741138384,0.125274725274725,0.120834248755727
"355",2017,"October","2017-10","Oct","SE",16.0642226911361,17.7426134937607,3.18182088113592,3.62403662671954,0.204256076929926,0.198068773218114
"356",2017,"September","2017-09","Sep","CO",22.5336255468688,19.894165214296,3.09757297490823,2.6441038882906,0.132908511606736,0.137464473635875
"357",2017,"September","2017-09","Sep","N",19.7561050347518,15.7925927564998,2.44195047907277,1.75770665142964,0.111299435028249,0.123604854032578
"358",2017,"September","2017-09","Sep","NE",5.83629689470113,6.1881225296324,0.869919946255505,0.95338255748594,0.154066528728315,0.149053408685449
"359",2017,"September","2017-09","Sep","S",30.4821307241857,33.6069552270502,3.50512696894632,4.00569626738348,0.119192477876106,0.114989565547831
"360",2017,"September","2017-09","Sep","SE",16.7338633691914,18.4961729841466,3.11389958737778,3.55610568733464,0.192261701400752,0.186083722489975
"361",2018,"April","2018-04","Apr","CO",27.5311957110513,25.1938783049537,3.4001818462902,2.9927165980858,0.11878745153331,0.123502875864027
"362",2018,"April","2018-04","Apr","N",27.9941052213835,22.1678176879697,3.637667236409,2.6796263139304,0.120879120879121,0.129944043849287
"363",2018,"April","2018-04","Apr","NE",7.97991910917218,8.55629576000149,1.07556457419615,1.19444373905366,0.13959822948587,0.134783894358013
"364",2018,"April","2018-04","Apr","S",24.9756562345364,27.9519272688836,3.06424745397395,3.59827204100912,0.12873073138734,0.122689367005969
"365",2018,"April","2018-04","Apr","SE",14.8915415736116,16.7424173788038,2.95158809204134,3.44852658779716,0.205975428145942,0.19820567786425
"366",2018,"August","2018-08","Aug","CO",20.8319011473029,18.8354655921068,3.35026656501165,2.93055334530657,0.155586987270156,0.160823850944848
"367",2018,"August","2018-08","Aug","N",21.5494059154579,17.354873380932,3.05600990483846,2.21980938593316,0.127906976744186,0.1418141138938
"368",2018,"August","2018-08","Aug","NE",6.37188676513632,6.84134645661224,0.903238826924899,1.0118783545479,0.147906316536551,0.141753747393465
"369",2018,"August","2018-08","Aug","S",37.2192995877545,42.0745720565894,4.9924337956775,5.88099748868114,0.139775574681338,0.134135619180756
"370",2018,"August","2018-08","Aug","SE",16.6427218416348,18.7058803253128,3.17216363503007,3.70253012770269,0.197934021992669,0.190603656373943
"371",2018,"December","2018-12","Dec","CO",18.818354299585,16.9261656853161,3.00528811966132,2.61973708141042,0.154774396642183,0.159699837287451
"372",2018,"December","2018-12","Dec","N",18.733036056848,14.8945462644443,2.67878121560568,1.98361947914329,0.133177570093458,0.142997707764857
"373",2018,"December","2018-12","Dec","NE",5.32049595346521,5.72167683780828,0.84337125539175,0.944872974064402,0.165139171758316,0.15851365413453
"374",2018,"December","2018-12","Dec","S",21.1915406805659,23.9136117680822,3.03306294522184,3.57535311081161,0.149511213341001,0.14312611767786
"375",2018,"December","2018-12","Dec","SE",13.6564693166668,15.3866929633571,2.88300447963748,3.37528630328453,0.219363986226453,0.211109065805096
"376",2018,"February","2018-02","Feb","CO",17.3997538925614,15.7184224884625,2.79837514358542,2.46876918180371,0.157062146892655,0.160828432451665
"377",2018,"February","2018-02","Feb","N",19.3706642577724,15.5877549583749,2.54791526391293,1.89664251049836,0.121675155631013,0.131534738819842
"378",2018,"February","2018-02","Feb","NE",4.90689460835848,5.28565631843016,0.745438718303547,0.827370785100586,0.156531324637149,0.151916594465623
"379",2018,"February","2018-02","Feb","S",18.6822249950654,20.8974805540899,2.32228798165596,2.73193647954323,0.130730423338451,0.124304679034182
"380",2018,"February","2018-02","Feb","SE",11.2134073152215,12.6004455440252,2.37067456812077,2.76598946829642,0.219515211476626,0.211414291970179
"381",2018,"January","2018-01","Jan","CO",19.5499803235368,17.6188419305704,2.92550736788525,2.57533475799668,0.14616935483871,0.149642471218405
"382",2018,"January","2018-01","Jan","N",21.874296128118,17.4610714677218,2.37772930281137,1.74871717240263,0.100149476831091,0.108699694330048
"383",2018,"January","2018-01","Jan","NE",5.62990806832629,6.06155920257965,0.861023987829855,0.961381546067583,0.158603011855175,0.152937486257361
"384",2018,"January","2018-01","Jan","S",21.8223765103097,24.495752595099,3.04853230067698,3.57993689685111,0.146145209580838,0.139697539323306
"385",2018,"January","2018-01","Jan","SE",13.496146540391,15.1638555019676,2.67344183956142,3.1275159790822,0.206248073168225,0.198089271745857
"386",2018,"July","2018-07","Jul","CO",24.4940823675056,22.0857156659922,3.45658822036956,3.03711892149953,0.13751507840772,0.141119318883125
"387",2018,"July","2018-07","Jul","N",24.5242198658901,19.3489900070819,3.20859234535886,2.34902306740652,0.121402877697842,0.13083361521406
"388",2018,"July","2018-07","Jul","NE",7.00264422049112,7.51722681627188,0.965547410770186,1.07985482750217,0.143650691125178,0.137883259575691
"389",2018,"July","2018-07","Jul","S",44.2268167435713,49.7707488169134,5.47513528055732,6.4539707436189,0.129673973107386,0.123796729760189
"390",2018,"July","2018-07","Jul","SE",19.51952196523,21.9004033732044,3.36497959474659,3.93004250086961,0.179450690194962,0.172390471484937
"391",2018,"June","2018-06","Jun","CO",23.508837509504,21.3042347739105,3.6613289291129,3.22360867983722,0.15131304710296,0.155742661781244
"392",2018,"June","2018-06","Jun","N",25.9873498864211,20.7584038475258,3.56210478538066,2.61872571588653,0.12615255658005,0.13707072098344
"393",2018,"June","2018-06","Jun","NE",7.1287658114152,7.63958446758957,0.951442178266161,1.06043297808667,0.138807677640778,0.133465203295447
"394",2018,"June","2018-06","Jun","S",37.2399373806171,41.8178800383773,5.00718439364625,5.89933263283915,0.141072015784281,0.134457379518915
"395",2018,"June","2018-06","Jun","SE",19.6679093373126,22.0375341186749,3.76434840434624,4.38039233542604,0.198769622401358,0.191395452347585
"396",2018,"March","2018-03","Mar","CO",25.0151905264262,22.6274240116398,3.61439048615845,3.16144542705799,0.139717425431711,0.144487825601016
"397",2018,"March","2018-03","Mar","N",22.1888233134301,17.6437732618534,2.61763988821805,1.92271888109941,0.108974358974359,0.117971099739826
"398",2018,"March","2018-03","Mar","NE",6.33775151163557,6.83551990178759,0.922239164265788,1.02741583408031,0.150305441113795,0.145515197712096
"399",2018,"March","2018-03","Mar","S",23.6361072070622,26.5172022385194,3.21442702078695,3.7907910546682,0.14295592048401,0.135996464757383
"400",2018,"March","2018-03","Mar","SE",14.1110416140114,15.8432760136167,2.86071211380844,3.33944531299111,0.210779974427068,0.202728628549144
"401",2018,"May","2018-05","May","CO",25.0006570125141,22.8139137699775,3.51589616290548,3.08152124491327,0.135072012456209,0.140632150632905
"402",2018,"May","2018-05","May","N",32.6479471837076,25.8827541686459,4.04110062648619,2.97542921871493,0.114957983193277,0.123778092501413
"403",2018,"May","2018-05","May","NE",9.14632184752768,9.79152538282772,1.15852903443085,1.2876686162481,0.131508479619161,0.126666112754824
"404",2018,"May","2018-05","May","S",27.4833769439079,30.8076259714933,3.72813702771319,4.38209945376397,0.142240737985419,0.13565061656441
"405",2018,"May","2018-05","May","SE",17.8320668930144,19.9696648091372,3.34977980821693,3.87706016739238,0.19414748341787,0.187851460423198
"406",2018,"November","2018-11","Nov","CO",17.4877333890427,15.7539443471935,2.72450364600165,2.37996453497624,0.151071025930101,0.155795127097989
"407",2018,"November","2018-11","Nov","N",18.0536587376397,14.476942163572,2.45482642017207,1.80091768501167,0.124399038461538,0.135973901791665
"408",2018,"November","2018-11","Nov","NE",5.26174629558992,5.66244019709099,0.807654398466482,0.906029275233389,0.160006859886812,0.153495503791851
"409",2018,"November","2018-11","Nov","S",23.7533441999536,26.760142898613,3.15471408149077,3.71286669199667,0.138746145940391,0.132811365630652
"410",2018,"November","2018-11","Nov","SE",13.0479491731205,14.6948060203015,2.65382180654689,3.09790820449199,0.210816542948038,0.203389955872445
"411",2018,"October","2018-10","Oct","CO",18.3141722561484,16.5176643099097,2.93380688797284,2.60197615204492,0.15752688172043,0.160193256181038
"412",2018,"October","2018-10","Oct","N",20.8898843011894,16.5823628388031,3.0732622745973,2.24462204218845,0.135362014690451,0.147117247289987
"413",2018,"October","2018-10","Oct","NE",5.65351485890503,6.08000995952438,0.863649022957158,0.969150285833786,0.159399456955758,0.152763200329578
"414",2018,"October","2018-10","Oct","S",26.3519517569288,29.6662632476573,3.4019632480491,4.02456414268281,0.13566131025958,0.129097202341175
"415",2018,"October","2018-10","Oct","SE",13.404497915107,15.0360745800519,2.65186343412803,3.08232516523398,0.20499533630428,0.197833850318209
"416",2018,"September","2018-09","Sep","CO",19.7274045635034,17.8408535476391,3.21146672147762,2.81510730443085,0.157789945246391,0.162792156015241
"417",2018,"September","2018-09","Sep","N",19.7835487615122,15.9334934579234,2.64149064949241,1.93904298138826,0.121696035242291,0.133519556139053
"418",2018,"September","2018-09","Sep","NE",5.67201852291055,6.09554743905679,0.852422227543842,0.959439361126032,0.157400031862355,0.150285515482842
"419",2018,"September","2018-09","Sep","S",31.214475512038,35.2309794996128,3.71567365342695,4.36376430960596,0.123861566484517,0.119036876079945
"420",2018,"September","2018-09","Sep","SE",14.7008177958408,16.5367212605981,2.85004823368009,3.3254205776589,0.201093102148511,0.193870046772938
"421",2019,"April","2019-04","Apr","CO",23.1043629739468,21.3111769147569,3.42768134900851,3.06811217750284,0.143967280163599,0.148356453405518
"422",2019,"April","2019-04","Apr","N",26.4287026574868,21.2198104890058,3.56926662484303,2.65778338657816,0.125250100040016,0.135052661157846
"423",2019,"April","2019-04","Apr","NE",7.39458783332004,8.08765395717861,1.02427995725524,1.16797182487865,0.14441416893733,0.138517518534275
"424",2019,"April","2019-04","Apr","S",23.6451418179875,27.1415229507641,3.17133856784361,3.85085629061358,0.141880626875625,0.134122205409277
"425",2019,"April","2019-04","Apr","SE",14.5099515295692,16.5770291413467,2.69376832786602,3.20711754288835,0.193467569824627,0.185649712363029
"426",2019,"August","2019-08","Aug","CO",23.1954329137016,21.4332041036349,3.69599268750987,3.32088278303575,0.15494103294022,0.159341397130236
"427",2019,"August","2019-08","Aug","N",20.8033042530219,16.9232022027165,3.14684588216226,2.36058716124194,0.139488208730557,0.151266637447998
"428",2019,"August","2019-08","Aug","NE",6.49310139621804,7.08544023377986,0.898035366785396,1.02616720627157,0.144827586206897,0.138306074706991
"429",2019,"August","2019-08","Aug","S",34.3834447082864,39.6534120736155,4.41246499955204,5.35318800446048,0.134999429419149,0.128331091808513
"430",2019,"August","2019-08","Aug","SE",16.9324638170954,19.4211348184692,3.17586388506945,3.81777733402824,0.196578488832568,0.187560647958569
"431",2019,"December","2019-12","Dec","CO",19.9767645873242,18.3563756983551,2.78501126715888,2.50155737199806,0.13627730294397,0.139412528739816
"432",2019,"December","2019-12","Dec","N",19.8090581185911,15.8702784329539,3.03215221902757,2.25869131255524,0.142322097378277,0.153068974853572
"433",2019,"December","2019-12","Dec","NE",5.28318378680415,5.78620332275816,0.891649167429361,1.021376509697,0.17651929127339,0.168771181054962
"434",2019,"December","2019-12","Dec","S",21.1284189730153,24.2952378663975,3.09294095766745,3.73320380699906,0.153659899422611,0.146387714178599
"435",2019,"December","2019-12","Dec","SE",13.4303380674072,15.4264661091738,2.69352869063783,3.22403758747913,0.208993917638847,0.200555539042944
"436",2019,"February","2019-02","Feb","CO",15.1297081893461,14.0156942654107,2.58715656305375,2.32723281645812,0.166044776119403,0.170998444297528
"437",2019,"February","2019-02","Feb","N",19.0527101361023,15.3607991895204,2.57787702951159,1.885073200704,0.122719734660033,0.135302380138921
"438",2019,"February","2019-02","Feb","NE",4.86799894955134,5.3310871481746,0.76018974478679,0.869990497940786,0.163191948238677,0.156160622190942
"439",2019,"February","2019-02","Feb","S",17.4691696233244,20.009972405515,2.69032828618971,3.25354368149373,0.162596110357304,0.1540043599209
"440",2019,"February","2019-02","Feb","SE",10.814015059857,12.3977781274245,2.26486746889683,2.71182169214013,0.218734491315136,0.209438164859258
"441",2019,"January","2019-01","Jan","CO",16.5819549249723,15.3318446597372,2.81468613460973,2.55385473866004,0.166571915861285,0.169743926294893
"442",2019,"January","2019-01","Jan","N",20.1870450551871,16.3033357898724,2.71712112327541,2.04640829445794,0.125520833333333,0.13459726848815
"443",2019,"January","2019-01","Jan","NE",5.62820627185294,6.15891951625922,0.885953627601543,1.00987883791805,0.163970130678283,0.157413141027233
"444",2019,"January","2019-01","Jan","S",19.3571953792409,22.2001186389544,3.05472851090621,3.70605323385725,0.166938442723196,0.157808424777392
"445",2019,"January","2019-01","Jan","SE",12.7687546690371,14.6712168460763,2.71714868878671,3.25941586253257,0.222163975676242,0.212796686851186
"446",2019,"July","2019-07","Jul","CO",25.428019552271,23.5163825423371,3.59874978486249,3.24243673304278,0.137879911045219,0.141526939503281
"447",2019,"July","2019-07","Jul","N",21.4178468070717,17.27983767312,2.71961105711879,2.02942565301016,0.117444717444717,0.12697873327868
"448",2019,"July","2019-07","Jul","NE",7.19914734525429,7.85003540708024,0.936634034197302,1.06928347544264,0.136213841083852,0.1301034677134
"449",2019,"July","2019-07","Jul","S",37.1831874365882,42.8300291312075,5.02069198275842,6.06815309719484,0.141679873217116,0.135025863270078
"450",2019,"July","2019-07","Jul","SE",20.0687525787061,23.0451007326395,3.84101749894415,4.61763398741047,0.200373781871579,0.191392937048796
"451",2019,"June","2019-06","Jun","CO",26.8669261833731,24.9284114422106,3.98876077724462,3.62595075523063,0.145454545454545,0.148463607262713
"452",2019,"June","2019-06","Jun","N",24.0628756280775,19.3092633261301,3.00505561365139,2.21623470893578,0.114775725593668,0.124883478604069
"453",2019,"June","2019-06","Jun","NE",7.34430081354569,7.99854700089172,1.01871383343106,1.16030671035935,0.145064686152372,0.138708075730254
"454",2019,"June","2019-06","Jun","S",33.2814861547173,38.1918062194813,4.23037276140308,5.09525755961327,0.133412322274882,0.127108889961738
"455",2019,"June","2019-06","Jun","SE",19.2362624478463,22.0252834995771,3.70393845061749,4.42228438168058,0.200782177526364,0.192549798104474
"456",2019,"March","2019-03","Mar","CO",20.2308840485496,18.6701598983269,3.00021568618972,2.69331438309198,0.144257703081232,0.148298793023076
"457",2019,"March","2019-03","Mar","N",25.087597286855,20.3876610580644,3.12550978818996,2.35209584051805,0.115368596418159,0.124583863191539
"458",2019,"March","2019-03","Mar","NE",6.02576492418164,6.60924499426822,0.988754214756937,1.13156253091197,0.171209046100319,0.164087751048672
"459",2019,"March","2019-03","Mar","S",21.7301659714627,24.7794230874265,2.84753303662021,3.44812278901005,0.139152666179693,0.131040556264492
"460",2019,"March","2019-03","Mar","SE",12.7982937168765,14.6419913145104,2.53660337994978,3.01176793715846,0.205693875407081,0.198198559594306
"461",2019,"May","2019-05","May","CO",27.5203793104193,25.4339526532764,3.94376576150069,3.54750470523766,0.139479095270733,0.143303466751549
"462",2019,"May","2019-05","May","N",29.573147792602,23.7926806683451,3.31405819403267,2.50493961354811,0.105281941470378,0.112063085650345
"463",2019,"May","2019-05","May","NE",8.47226454672879,9.26137461794674,1.20783409266131,1.37492991689981,0.148458514380302,0.142563311851217
"464",2019,"May","2019-05","May","S",28.74729622315,32.911019743399,3.52178240979445,4.26716507878802,0.129657637838581,0.122508300692236
"465",2019,"May","2019-05","May","SE",17.2621843618513,19.7533829667972,3.35856697496318,3.99466870929547,0.202227067434979,0.194562107816753
"466",2019,"November","2019-11","Nov","CO",18.2544608420493,16.8571845207116,2.74109108788867,2.45797623311307,0.145811789038263,0.150160068358444
"467",2019,"November","2019-11","Nov","N",18.7232822207212,15.1739901335948,2.71139980821063,2.01244301156238,0.132624510352546,0.1448143427123
"468",2019,"November","2019-11","Nov","NE",5.28590725210337,5.80057541248185,0.882463019742025,1.0137113951777,0.174760488932937,0.166946368457539
"469",2019,"November","2019-11","Nov","S",22.1190949788963,25.5170136577791,2.83344145528815,3.43454750243914,0.134598333037773,0.128099339416532
"470",2019,"November","2019-11","Nov","SE",12.2377207956931,14.0420988244737,2.43047500196609,2.91332404135757,0.207470697776317,0.198605201290542
"471",2019,"October","2019-10","Oct","CO",21.351541131519,19.6899585482356,3.41404443744994,3.08554463305683,0.156706507304117,0.159896862545915
"472",2019,"October","2019-10","Oct","N",19.6594234316152,15.9806656023645,2.84202713286912,2.10584753952519,0.131774707757705,0.14456309681487
"473",2019,"October","2019-10","Oct","NE",5.94032877919674,6.48564502264447,0.877410088326823,1.00029744476892,0.154232530654454,0.147703960662842
"474",2019,"October","2019-10","Oct","S",27.2795053986816,31.422263316123,3.75954714221705,4.54772100125341,0.144729262672811,0.137815810340855
"475",2019,"October","2019-10","Oct","SE",14.3510473057056,16.4370542270048,2.89237012961533,3.46245639762191,0.210649447875725,0.20154418475545
"476",2019,"September","2019-09","Sep","CO",21.431386719172,19.7858370537825,3.55758531009999,3.19013936638079,0.161233480176211,0.165998838839368
"477",2019,"September","2019-09","Sep","N",20.7449939021045,16.6429886188281,3.00458809642969,2.21623470893578,0.133163265306122,0.144834368744977
"478",2019,"September","2019-09","Sep","NE",6.12430405083903,6.69931008987002,0.884280654267651,1.01275325586279,0.151172768878719,0.144388757796325
"479",2019,"September","2019-09","Sep","S",30.3471542656125,34.8794362961804,3.76320478997487,4.56129628782431,0.130773222625843,0.124005195249529
"480",2019,"September","2019-09","Sep","SE",15.0271120318315,17.2353726945151,2.86100704497997,3.43015449431224,0.199018295403838,0.190389679595093
"481",2020,"April","2020-04","Apr","CO",15.0919744348759,14.4110060012464,2.62228587901077,2.43180374590254,0.168746286393345,0.173753665587383
"482",2020,"April","2020-04","Apr","N",17.0011178427694,14.3238737397833,3.87075379272922,2.95440269488,0.206257242178447,0.22767642860469
"483",2020,"April","2020-04","Apr","NE",3.96785200935469,4.35536439009982,0.820655417349717,0.935793044060117,0.21485987399522,0.20682611534274
"484",2020,"April","2020-04","Apr","S",16.71007767015,19.2894291200895,2.73814461982772,3.37140230796186,0.174779786740844,0.163861872690095
"485",2020,"April","2020-04","Apr","SE",13.1370425449115,14.8305375158803,3.14584944723638,3.74144721427372,0.252279946715852,0.239464052619277
"486",2020,"August","2020-08","Aug","CO",15.7035962585072,15.0018315592297,3.18101893486096,2.95412778991682,0.196917808219178,0.202566270967244
"487",2020,"August","2020-08","Aug","N",13.2462083604484,11.0873089897744,1.94792944048546,1.48550023141438,0.133982035928144,0.1470556243326
"488",2020,"August","2020-08","Aug","NE",3.20949397324003,3.51513767308729,0.560990830494585,0.650040264175228,0.18492597577389,0.174791052786511
"489",2020,"August","2020-08","Aug","S",15.4643844653329,18.0508635507189,2.93121112191243,3.61285552365144,0.200148625216745,0.189545929130476
"490",2020,"August","2020-08","Aug","SE",11.751702357218,13.4962602396283,2.75430915491735,3.33873254661225,0.247382051570769,0.23437533313849
"491",2020,"December","2020-12","Dec","CO",11.7050396866705,11.1143706414841,2.08225524310292,1.93516776962667,0.174114021571649,0.177893907141055
"492",2020,"December","2020-12","Dec","N",12.9119081595402,10.7138592109272,2.22742944018532,1.68467344679955,0.15724244771495,0.172509702877614
"493",2020,"December","2020-12","Dec","NE",2.98787919755637,3.26723294351829,0.530024516063457,0.611246012601452,0.187083695337388,0.177391547990607
"494",2020,"December","2020-12","Dec","S",12.574780130862,14.679461242757,2.53039541988673,3.11206366888787,0.212001218397807,0.201227806256145
"495",2020,"December","2020-12","Dec","SE",10.776823320923,12.3732182041497,2.60868220614659,3.14269408575063,0.253991648243675,0.242064115599063
"496",2020,"February","2020-02","Feb","CO",17.3011408732374,16.3033603246424,2.59270709549599,2.40611567816413,0.147584033613445,0.14985757959503
"497",2020,"February","2020-02","Feb","N",21.4113762534492,17.792807241075,2.63186277569845,1.97513438590292,0.111007462686567,0.122918898091592
"498",2020,"February","2020-02","Feb","NE",5.6928328388146,6.30264657885181,0.859695241622281,1.00202713211291,0.158985137366762,0.151013610615922
"499",2020,"February","2020-02","Feb","S",17.9385710189601,20.9527734948399,2.58065848234583,3.20149078580994,0.152795561246265,0.143860872731625
"500",2020,"February","2020-02","Feb","SE",12.1078476217482,14.0555017403808,2.42062769160745,2.94361626890666,0.209428046275273,0.199922213033099
"501",2020,"January","2020-01","Jan","CO",19.8238807605167,18.7094760028065,2.95551750571476,2.74006055876342,0.146453089244851,0.149088745105917
"502",2020,"January","2020-01","Jan","N",20.6415512133755,16.8882288878674,2.97485099993866,2.28219309295505,0.135135135135135,0.144119546500507
"503",2020,"January","2020-01","Jan","NE",5.55036867825873,6.16544739645675,0.856125285440859,1.00202713211291,0.162523020257827,0.154246561817484
"504",2020,"January","2020-01","Jan","S",20.1666852858752,23.6266442908097,2.90411719314148,3.59049874442092,0.151968205904618,0.144005678274532
"505",2020,"January","2020-01","Jan","SE",13.1755742678536,15.3609051348005,2.74411960423982,3.36152771647988,0.218836565096953,0.208273244752227
"506",2020,"July","2020-07","Jul","CO",18.8164751320636,18.0929623770847,3.7713649052567,3.51926528016177,0.194510175106484,0.200428873037449
"507",2020,"July","2020-07","Jul","N",13.3610670002249,11.2449877852876,2.10949795933108,1.59338572308135,0.14169741697417,0.157883944395726
"508",2020,"July","2020-07","Jul","NE",3.28687439506745,3.57947935862429,0.547518929312936,0.6273314339857,0.175257731958763,0.166577381275837
"509",2020,"July","2020-07","Jul","S",15.7890845103794,18.4130433742532,3.13599367389171,3.88560823026374,0.211024769305488,0.198617828147679
"510",2020,"July","2020-07","Jul","SE",12.5046140886077,14.3138469988806,2.74224238314607,3.31897673272697,0.231871748593269,0.219298441656378
"511",2020,"June","2020-06","Jun","CO",16.9998917870217,16.4574887310728,2.66987528777806,2.48317988137935,0.150884495317378,0.157052487229144
"512",2020,"June","2020-06","Jun","N",14.6544388785917,12.5064181493937,2.64707968558995,1.99173215385168,0.159256801592568,0.180633302135983
"513",2020,"June","2020-06","Jun","NE",3.85774213650441,4.23660857726774,0.650891771386137,0.82921002284921,0.195724954931754,0.168723504152075
"514",2020,"June","2020-06","Jun","S",14.9685381139051,17.4025169530339,2.70603382615075,3.34010281703914,0.191932168550874,0.180781436741438
"515",2020,"June","2020-06","Jun","SE",12.1083766550063,13.8290697196957,2.80523743591145,3.38888192032103,0.245054945054945,0.231677417695097
"516",2020,"March","2020-03","Mar","CO",21.9185230222338,20.7473960433868,3.15459387588149,2.92843972217841,0.141147338010731,0.143923651820952
"517",2020,"March","2020-03","Mar","N",24.4852807439509,20.5895311404418,3.15666744088253,2.44817077244269,0.118903667875857,0.128921022956308
"518",2020,"March","2020-03","Mar","NE",6.72170620982537,7.39929383675441,1.01179570733395,1.16382754721329,0.157289002557545,0.150526618651521
"519",2020,"March","2020-03","Mar","S",22.6254019985895,26.1395462763197,3.19219293606494,3.97950670303191,0.15224084844338,0.141088893636628
"520",2020,"March","2020-03","Mar","SE",16.3039893133576,18.7391493091833,3.31665924248421,4.00587118473823,0.213770172735382,0.203426239967352
"521",2020,"May","2020-05","May","CO",16.2866311668365,15.6354705634438,2.71831419502214,2.5174306383639,0.161007667031763,0.166904632835137
"522",2020,"May","2020-05","May","N",18.8889663931133,16.0356708702952,4.2790273231985,3.31482388399597,0.206715634837356,0.226535811126149
"523",2020,"May","2020-05","May","NE",3.75909790463746,4.08664323285707,0.708863259199057,0.804271069212436,0.196804815929613,0.1885727047238
"524",2020,"May","2020-05","May","S",15.4710484096303,17.9837932130273,2.63449073403862,3.26856112350149,0.181750372948782,0.170285210432069
"525",2020,"May","2020-05","May","SE",14.0264011798948,15.9262253475177,3.29425910770906,3.94964309906474,0.247996183206107,0.234861320837663
"526",2020,"November","2020-11","Nov","CO",11.0079363061464,10.4550435695317,1.97394004716343,1.84097818791918,0.176085176085176,0.179319719179449
"527",2020,"November","2020-11","Nov","N",12.8088603339961,10.6033602846487,2.08035690237646,1.587180105304,0.149686520376176,0.162415456811171
"528",2020,"November","2020-11","Nov","NE",3.03337440554466,3.32116641521841,0.547920509109577,0.632062440275185,0.19031339031339,0.180630689079476
"529",2020,"November","2020-11","Nov","S",13.7258477854579,16.0029825732036,2.53836046659724,3.13442044811839,0.195864766694607,0.184932873092659
"530",2020,"November","2020-11","Nov","SE",10.30671238414,11.9142754508148,2.34985686245506,2.85699462340966,0.239795918367347,0.227992862794059
"531",2020,"October","2020-10","Oct","CO",14.2026236585041,13.3834832917101,3.55474725469585,3.27950998126997,0.245041586692258,0.250288069315092
"532",2020,"October","2020-10","Oct","N",12.4219097989293,10.4072008743731,2.04119019871613,1.57327935610976,0.151172190784155,0.164321769498928
"533",2020,"October","2020-10","Oct","NE",3.30936204726419,3.62300461648755,0.604427849142978,0.693565522038489,0.191433794724471,0.182641802411027
"534",2020,"October","2020-10","Oct","S",14.1391260066303,16.6110869682736,2.55344704542202,3.18360536242552,0.191655450874832,0.18059440479027
"535",2020,"October","2020-10","Oct","SE",11.0066610027283,12.8321609574847,2.79349587565778,3.40863773420631,0.265632401705353,0.253800482722719
"536",2020,"September","2020-09","Sep","CO",14.0356654197154,13.3406698454794,2.8623318783255,2.64587097705593,0.198331193838254,0.203932752223125
"537",2020,"September","2020-09","Sep","N",11.1814772135366,9.30304893528223,1.90918774765313,1.46060357949123,0.15700267618198,0.170745574237885
"538",2020,"September","2020-09","Sep","NE",3.1874557486061,3.49526744667146,0.559809656596978,0.649094062917331,0.18570655116405,0.175628997152913
"539",2020,"September","2020-09","Sep","S",14.3402711798408,16.8659542515015,2.72429919117168,3.37587366380796,0.200159066808059,0.189975430520549
"540",2020,"September","2020-09","Sep","SE",10.6327683775097,12.2789981686968,2.48560522889534,3.00592306654485,0.24480198019802,0.233768397904055
"541",2021,"April","2021-04","Apr","CO",8.26857413516262,8.05932878676027,1.80117045963028,1.72639749350664,0.214211076280042,0.217833260026139
"542",2021,"April","2021-04","Apr","N",8.19810388756633,7.11720542472235,1.45148800682807,1.15436587402148,0.162193698949825,0.17705167276905
"543",2021,"April","2021-04","Apr","NE",2.94863939078066,3.24582067157797,0.516728450779561,0.605026209885032,0.186401613367906,0.175243012894417
"544",2021,"April","2021-04","Apr","S",10.240985112293,12.0823477650707,2.35153279642685,2.92664259805225,0.242224661544091,0.229619784683031
"545",2021,"April","2021-04","Apr","SE",8.4111029190529,9.72022619972944,2.18053267957468,2.64864896292473,0.272488408037094,0.259244560500541
"546",2021,"August","2021-08","Aug","CO",10.2522749444002,9.92889095046014,2.13391751031766,2.02956973626878,0.204410517387617,0.208140878184622
"547",2021,"August","2021-08","Aug","N",13.0152535662374,10.9546590327761,1.81745751328563,1.41718265554129,0.129368029739777,0.139640576653862
"548",2021,"August","2021-08","Aug","NE",3.57682424727801,3.9920508346201,0.621527799793506,0.740619409936547,0.185523541813071,0.173765261255566
"549",2021,"August","2021-08","Aug","S",14.1460752912671,17.0072418046934,2.74525981474537,3.51904457409304,0.206914478814661,0.194065121118091
"550",2021,"August","2021-08","Aug","SE",9.47476730897088,11.2180724935672,2.33650334816047,2.91306315321103,0.259675907325566,0.246602715609514
"551",2021,"December","2021-12","Dec","CO",16.5965885761757,15.9670714521395,2.64923798632943,2.51801390516334,0.157700421940928,0.159625454000371
"552",2021,"December","2021-12","Dec","N",25.0232402990396,20.947198202633,3.72118588758226,2.86603138198815,0.136821705426357,0.148709193658068
"553",2021,"December","2021-12","Dec","NE",7.14210475883303,7.83635183745992,1.0258104317462,1.21753342391084,0.155369928400955,0.143628589384316
"554",2021,"December","2021-12","Dec","S",16.2067169447109,19.5094770169254,2.94199459785696,3.7621946388859,0.192839338318604,0.181529337983353
"555",2021,"December","2021-12","Dec","SE",17.1591445492961,20.2682490974575,3.45911960408937,4.30874941898362,0.212586168556816,0.201590446082656
"556",2021,"February","2021-02","Feb","CO",8.42962061992777,8.17722910338999,1.6190687443413,1.53270411618638,0.187435633367662,0.192068993059283
"557",2021,"February","2021-02","Feb","N",13.7083251677606,11.7401738763594,2.575910704067,1.99729099141384,0.170124481327801,0.187908491558477
"558",2021,"February","2021-02","Feb","NE",2.96771327142209,3.294447198493,0.505129588686799,0.596610080226663,0.181095657110417,0.170208353196044
"559",2021,"February","2021-02","Feb","S",11.2100054279917,13.3157817301109,2.2598285656767,2.82054075159719,0.211819389110226,0.20159031859466
"560",2021,"February","2021-02","Feb","SE",8.70404336400996,10.2430451668864,2.15426409221412,2.67869603000272,0.261513640363743,0.247501534875356
"561",2021,"January","2021-01","Jan","CO",10.2497707075691,9.87836224333312,1.98629118060578,1.88640506607555,0.190963341858483,0.193788840480009
"562",2021,"January","2021-01","Jan","N",16.0353341778372,13.5344881410035,4.11177774473226,3.23138949017361,0.23875224955009,0.256419835042493
"563",2021,"January","2021-01","Jan","NE",3.19304383107223,3.55534721790246,0.54375164787372,0.643366356106495,0.180957390846923,0.170292572429589
"564",2021,"January","2021-01","Jan","S",12.0382929384399,14.4431138486959,2.34674212440172,2.97085170074186,0.205693296602388,0.194939775631165
"565",2021,"January","2021-01","Jan","SE",10.0630261545478,11.8400467820816,2.52017925906702,3.11137379592576,0.262783910671235,0.250439502030715
"566",2021,"July","2021-07","Jul","CO",11.507073620705,11.1331584703209,2.36330477880058,2.25694891834039,0.202723146747353,0.205378435621392
"567",2021,"July","2021-07","Jul","N",12.7593708404364,10.7009330352985,2.06802607236851,1.60757567601602,0.150227617602428,0.162079000464084
"568",2021,"July","2021-07","Jul","NE",3.64686991129657,4.05002861671109,0.598906430230242,0.706954891303067,0.174555529900716,0.164224785856788
"569",2021,"July","2021-07","Jul","S",14.6125507645432,17.4935419342791,3.24965913822325,4.12913019120967,0.236037402072277,0.222388218907572
"570",2021,"July","2021-07","Jul","SE",9.44790306460196,11.1144101121481,2.36918014960052,2.94311022028902,0.264801297648013,0.250762537824613
"571",2021,"June","2021-06","Jun","CO",10.7659630656049,10.5015496312331,2.22065299745873,2.13062715052283,0.202886928628709,0.206266079859894
"572",2021,"June","2021-06","Jun","N",12.5820757346331,10.7658855878648,1.79910914423099,1.39647988017553,0.129713423831071,0.142989851768163
"573",2021,"June","2021-06","Jun","NE",3.63688562056921,3.98550495599692,0.570152850710525,0.669549870599201,0.167996245893947,0.156769530360235
"574",2021,"June","2021-06","Jun","S",12.6990032310551,14.9515185296265,2.96541462663682,3.72682735673421,0.249260792430514,0.233515542336816
"575",2021,"June","2021-06","Jun","SE",9.02400677833348,10.4308393361239,2.27038370310645,2.76883723123668,0.265447213020308,0.251593749747353
"576",2021,"March","2021-03","Mar","CO",9.74598044708147,9.54150419581963,2.29026056537093,2.20642021121336,0.231244483671668,0.234995399160356
"577",2021,"March","2021-03","Mar","N",11.4080541806375,9.80583947946914,2.09813783807216,1.66560470758676,0.169858451290591,0.183917239947305
"578",2021,"March","2021-03","Mar","NE",3.23862103285072,3.5721794772192,0.600678642215365,0.698538761644697,0.195549738219895,0.185473581540546
"579",2021,"March","2021-03","Mar","S",11.8650858957252,13.8507118726551,2.82503540119903,3.47925638167239,0.251196935844239,0.238096498080713
"580",2021,"March","2021-03","Mar","SE",9.78900660943679,11.2901854545544,2.47927212501052,3.0047067077989,0.266134397870925,0.253271064565474
"581",2021,"May","2021-05","May","CO",10.6590956954991,10.400492216979,2.23469632649918,2.13062715052283,0.204858299595142,0.209651586807951
"582",2021,"May","2021-05","May","N",12.1444714495116,10.5186596330469,1.78681539861107,1.37450403655621,0.130672926447574,0.147129943533518
"583",2021,"May","2021-05","May","NE",3.71711992151914,4.05376911878148,0.572641333865906,0.667679619564008,0.164705882352941,0.154055114162654
"584",2021,"May","2021-05","May","S",13.156671692875,15.5394995953983,2.94577884628167,3.68703916431356,0.237268847795164,0.223900004123152
"585",2021,"May","2021-05","May","SE",9.33528888375595,10.8124370880143,2.31466150745727,2.82893136539266,0.26163679310824,0.247947496459905
"586",2021,"November","2021-11","Nov","CO",11.9977502201109,11.5626524809006,2.50801855020222,2.38327068615795,0.20611798980335,0.209040737154057
"587",2021,"November","2021-11","Nov","N",13.6591368393033,11.3748157681739,1.95959009273438,1.51826591623735,0.133476088508208,0.143463684110389
"588",2021,"November","2021-11","Nov","NE",3.98355173601529,4.51385087343903,0.68696025820905,0.821975329967455,0.182100683654444,0.172449186990153
"589",2021,"November","2021-11","Nov","S",15.2555961048138,18.3954076291472,2.69190132066398,3.39525908656213,0.184571016582552,0.176453368466839
"590",2021,"November","2021-11","Nov","SE",10.4648581143489,12.4950728443817,2.38601863446286,2.98367376084431,0.238788024528075,0.228002960803766
"591",2021,"October","2021-10","Oct","CO",10.9063828432014,10.4847067288574,2.26735958257082,2.15589150408634,0.205622489959839,0.207892902272747
"592",2021,"October","2021-10","Oct","N",13.2595340498116,10.9445051074222,2.08749928839062,1.59133753787444,0.14540059347181,0.157433834443094
"593",2021,"October","2021-10","Oct","NE",3.9253627831861,4.41940319616177,0.765017321237908,0.91548788172712,0.207151925518409,0.194890858117569
"594",2021,"October","2021-10","Oct","S",14.5087885087277,17.5112255753549,2.66259717351303,3.39967999683109,0.194142893208786,0.183516161388068
"595",2021,"October","2021-10","Oct","SE",9.41404186414307,11.176006599658,2.17749556168823,2.70724074372681,0.242236859792983,0.231302940130535
"596",2021,"September","2021-09","Sep","CO",10.4641232523254,10.0720556206534,2.36335538400641,2.24010601596471,0.222408026755853,0.225853167725373
"597",2021,"September","2021-09","Sep","N",12.3948154278989,10.3355749271131,1.72175759395085,1.32340825853844,0.128043990573449,0.138909498408135
"598",2021,"September","2021-09","Sep","NE",3.66331725416388,4.10146052017891,0.639901403557215,0.760257045806076,0.185362517099863,0.174678128908949
"599",2021,"September","2021-09","Sep","S",12.4754707246896,14.9868858117782,2.32667710667591,2.95316805966602,0.197050147492625,0.186500145607436
"600",2021,"September","2021-09","Sep","SE",8.74273053669894,10.3722475553218,1.96858039115838,2.4608547936873,0.237253765932793,0.225167684500278
